user_id,tweet_id,username,location,following,followers,twt_created_at,total_tweets,retweet_count,text,hashtags,mentions
1227584060169412615,1590029864869896192,Prakashkumar_07,"New Delhi, India",57,24,2022-11-08 17:13:55+00:00,640,0,"@DelhiComplaint @MCD_Delhi @GyaneshBharti1 Portals me status check kr rha hu to 
Complaint no. Do not found show hota hai
Jbki mujhe complaint no. Mujhe sms or mail aaya tha complaint krne ke baad",[],"[{'screen_name': 'DelhiComplaint', 'name': 'Delhi Complaint', 'id': 1275042856613195782, 'id_str': '1275042856613195782', 'indices': [0, 15]}, {'screen_name': 'MCD_Delhi', 'name': 'Municipal Corporation of Delhi', 'id': 1008443214758461440, 'id_str': '1008443214758461440', 'indices': [16, 26]}, {'screen_name': 'GyaneshBharti1', 'name': 'Gyanesh Bharti', 'id': 4455654073, 'id_str': '4455654073', 'indices': [27, 42]}]"
1383680115641511938,1590008526344458240,ganga_vihar,,20,19,2022-11-08 15:49:08+00:00,1108,0,"@DelhiComplaint @MCD_Delhi No acknowledgement and action on complaint till date after complaining from last 4-5 months. is there any weekly/monthly scheme for encroachment of government footpath also in captial city of india????

@GyaneshBharti1 @AshwaniKumar_92 @SBM_MCD @EastDelhiMCD @dcshahsouth",[],"[{'screen_name': 'DelhiComplaint', 'name': 'Delhi Complaint', 'id': 1275042856613195782, 'id_str': '1275042856613195782', 'indices': [0, 15]}, {'screen_name': 'MCD_Delhi', 'name': 'Municipal Corporation of Delhi', 'id': 1008443214758461440, 'id_str': '1008443214758461440', 'indices': [16, 26]}, {'screen_name': 'GyaneshBharti1', 'name': 'Gyanesh Bharti', 'id': 4455654073, 'id_str': '4455654073', 'indices': [230, 245]}, {'screen_name': 'AshwaniKumar_92', 'name': 'Ashwani Kumar', 'id': 728434197812019200, 'id_str': '728434197812019200', 'indices': [246, 262]}, {'screen_name': 'SBM_MCD', 'name': 'Swachh Survekshan MCD', 'id': 957621630238326784, 'id_str': '957621630238326784', 'indices': [263, 271]}, {'screen_name': 'EastDelhiMCD', 'name': 'East Delhi MCD', 'id': 734827505530458112, 'id_str': '734827505530458112', 'indices': [272, 285]}, {'screen_name': 'dcshahsouth', 'name': 'Deputy Commissioner, Shahdara South Zone', 'id': 1366341026282049538, 'id_str': '1366341026282049538', 'indices': [286, 298]}]"
311952882,1589865652504129536,SayemKhan145,,96,6,2022-11-08 06:21:24+00:00,8,0,Need a urgent ventilater bed in delhi.Patient is extremely critical.Patient is not able to get bed from last 2 days.A kind request from son please help my motherüôè  .@AamAadmiParty @SatyendarJain @ArvindKejriwal @cmouttarpradesh @SonuSood @MoHFW_INDIA @gaurav5pandey @msisodia https://t.co/sQJ1R2gRE2,[],"[{'screen_name': 'AamAadmiParty', 'name': 'AAP', 'id': 711694309, 'id_str': '711694309', 'indices': [165, 179]}, {'screen_name': 'SatyendarJain', 'name': 'Satyendar Jain', 'id': 362506755, 'id_str': '362506755', 'indices': [180, 194]}, {'screen_name': 'ArvindKejriwal', 'name': 'Arvind Kejriwal', 'id': 405427035, 'id_str': '405427035', 'indices': [195, 210]}, {'screen_name': 'cmouttarpradesh', 'name': 'CM Office UP', 'id': 842671868964302849, 'id_str': '842671868964302849', 'indices': [211, 227]}, {'screen_name': 'SonuSood', 'name': 'sonu sood', 'id': 295026890, 'id_str': '295026890', 'indices': [228, 237]}, {'screen_name': 'MoHFW_INDIA', 'name': 'Ministry of Health', 'id': 2596143056, 'id_str': '2596143056', 'indices': [238, 250]}, {'screen_name': 'gaurav5pandey', 'name': 'Gaurav Pandey', 'id': 237840371, 'id_str': '237840371', 'indices': [251, 265]}, {'screen_name': 'msisodia', 'name': 'Manish Sisodia', 'id': 30417501, 'id_str': '30417501', 'indices': [266, 275]}]"
1269696259570499584,1589505609296134144,Jasvindr_Rawat,"New Delhi, India",32,5,2022-11-07 06:30:43+00:00,60,0,"@MCD_Delhi @CMODelhi @dcwestzone @CPCB_OFFICIAL @DC_NGZMCD @LtGovDelhi @AAPDelhi @ArvindKejriwal @MlaMahinder @ApniWestdelhi @DPCC_pollution @SatyendarJain @MoHFW_INDIA Name- Jasvinder 
Number- 9953988684
Proper Add/Location- Gali No.-5, Sethi Enclave, Mohan Garden, Uttam nagar, New Delhi -110059, (Near sukar Bazar, SBI ATM, Hanuman Mandir Wali Gali,)

I already complaint through application on 4th November, https://t.co/DH2eczV63p",[],"[{'screen_name': 'MCD_Delhi', 'name': 'Municipal Corporation of Delhi', 'id': 1008443214758461440, 'id_str': '1008443214758461440', 'indices': [0, 10]}, {'screen_name': 'CMODelhi', 'name': 'CMO Delhi', 'id': 1242298980660178951, 'id_str': '1242298980660178951', 'indices': [11, 20]}, {'screen_name': 'dcwestzone', 'name': 'Dy. Commissioner West Zone MCD', 'id': 1547832181992857601, 'id_str': '1547832181992857601', 'indices': [21, 32]}, {'screen_name': 'CPCB_OFFICIAL', 'name': 'Central Pollution Control Board', 'id': 1056904937932709888, 'id_str': '1056904937932709888', 'indices': [33, 47]}, {'screen_name': 'DC_NGZMCD', 'name': 'Dy Commissioner, Najafgarh Zone, MCD', 'id': 1548914581678202880, 'id_str': '1548914581678202880', 'indices': [48, 58]}, {'screen_name': 'LtGovDelhi', 'name': 'LG Delhi', 'id': 815473030868545537, 'id_str': '815473030868545537', 'indices': [59, 70]}, {'screen_name': 'AAPDelhi', 'name': 'Aam Aadmi Party Delhi', 'id': 2299699574, 'id_str': '2299699574', 'indices': [71, 80]}, {'screen_name': 'ArvindKejriwal', 'name': 'Arvind Kejriwal', 'id': 405427035, 'id_str': '405427035', 'indices': [81, 96]}, {'screen_name': 'MlaMahinder', 'name': 'MLA Mahinder Yadav', 'id': 1305131749903683585, 'id_str': '1305131749903683585', 'indices': [97, 109]}, {'screen_name': 'ApniWestdelhi', 'name': 'APNI WEST DELHI', 'id': 1376041729887928325, 'id_str': '1376041729887928325', 'indices': [110, 124]}, {'screen_name': 'DPCC_pollution', 'name': 'Delhi Pollution Control Committee', 'id': 1062966155529347072, 'id_str': '1062966155529347072', 'indices': [125, 140]}, {'screen_name': 'SatyendarJain', 'name': 'Satyendar Jain', 'id': 362506755, 'id_str': '362506755', 'indices': [141, 155]}, {'screen_name': 'MoHFW_INDIA', 'name': 'Ministry of Health', 'id': 2596143056, 'id_str': '2596143056', 'indices': [156, 168]}]"
1383680115641511938,1589310922535100416,ganga_vihar,,20,19,2022-11-06 17:37:06+00:00,1108,0,@dcshahsouth @GyaneshBharti1 @MCD_Delhi @SBM_MCD These all programs are just to waste tax payers money. MCD doing nothing regarding waste management on ground and they are not attending any public complaint because in most of the cases MCD is taking money for hiding things.,[],"[{'screen_name': 'dcshahsouth', 'name': 'Deputy Commissioner, Shahdara South Zone', 'id': 1366341026282049538, 'id_str': '1366341026282049538', 'indices': [0, 12]}, {'screen_name': 'GyaneshBharti1', 'name': 'Gyanesh Bharti', 'id': 4455654073, 'id_str': '4455654073', 'indices': [13, 28]}, {'screen_name': 'MCD_Delhi', 'name': 'Municipal Corporation of Delhi', 'id': 1008443214758461440, 'id_str': '1008443214758461440', 'indices': [29, 39]}, {'screen_name': 'SBM_MCD', 'name': 'Swachh Survekshan MCD', 'id': 957621630238326784, 'id_str': '957621630238326784', 'indices': [40, 48]}]"
423974514,1588799304864772096,RITESHKUMARRANA,"Bakhtawar Pur, New Delhi",593,127,2022-11-05 07:44:07+00:00,1617,0,"@DmcNarela @MCD_Delhi @GyaneshBharti1 @AshwaniKumar_92 @LtGovDelhi @CPCB_OFFICIAL @DPCC_pollution @NorthDMCSwachh Respected all,my previous complaint attended by @MCD_Delhi on time and assure me for regular cleaning but I have watched last one week your pvt contractor clean this site once in 4-5 days and all garbage floating on road everytime.
@DmcNarela This is your #SwachhDelhi mission! https://t.co/whDTtqLZlw","[{'text': 'SwachhDelhi', 'indices': [370, 382]}]","[{'screen_name': 'DmcNarela', 'name': 'MCD (Narela Zone)', 'id': 1063399464004608000, 'id_str': '1063399464004608000', 'indices': [0, 10]}, {'screen_name': 'MCD_Delhi', 'name': 'Municipal Corporation of Delhi', 'id': 1008443214758461440, 'id_str': '1008443214758461440', 'indices': [11, 21]}, {'screen_name': 'GyaneshBharti1', 'name': 'Gyanesh Bharti', 'id': 4455654073, 'id_str': '4455654073', 'indices': [22, 37]}, {'screen_name': 'AshwaniKumar_92', 'name': 'Ashwani Kumar', 'id': 728434197812019200, 'id_str': '728434197812019200', 'indices': [38, 54]}, {'screen_name': 'LtGovDelhi', 'name': 'LG Delhi', 'id': 815473030868545537, 'id_str': '815473030868545537', 'indices': [55, 66]}, {'screen_name': 'CPCB_OFFICIAL', 'name': 'Central Pollution Control Board', 'id': 1056904937932709888, 'id_str': '1056904937932709888', 'indices': [67, 81]}, {'screen_name': 'DPCC_pollution', 'name': 'Delhi Pollution Control Committee', 'id': 1062966155529347072, 'id_str': '1062966155529347072', 'indices': [82, 97]}, {'screen_name': 'NorthDMCSwachh', 'name': 'NorthMCD-Swachh Survekshan', 'id': 1179021441871704064, 'id_str': '1179021441871704064', 'indices': [98, 113]}, {'screen_name': 'MCD_Delhi', 'name': 'Municipal Corporation of Delhi', 'id': 1008443214758461440, 'id_str': '1008443214758461440', 'indices': [162, 172]}, {'screen_name': 'DmcNarela', 'name': 'MCD (Narela Zone)', 'id': 1063399464004608000, 'id_str': '1063399464004608000', 'indices': [346, 356]}]"
782246365,1588763847351226368,TheDeepakDuggal,"New Delhi, India",539,136,2022-11-05 05:23:13+00:00,440,0,"@official_dda @MCD_Delhi @ManchNajafgarh @DelhiComplaint @ArvindKejriwal Finally today just Yet MCD has removed the broken bench after a complaint on 19th July 2022, Doesn't understand ki Thanks Bolu Ya Disappoint hou .... Anyway instead of DDA, MCD has removed the Bench. https://t.co/nzNWWmfsck https://t.co/yKYY4E0BCq",[],"[{'screen_name': 'official_dda', 'name': 'Delhi Development Authority', 'id': 974254088325160960, 'id_str': '974254088325160960', 'indices': [0, 13]}, {'screen_name': 'MCD_Delhi', 'name': 'Municipal Corporation of Delhi', 'id': 1008443214758461440, 'id_str': '1008443214758461440', 'indices': [14, 24]}, {'screen_name': 'ManchNajafgarh', 'name': '‡§µ‡§ø‡§ï‡§æ‡§∏ ‡§Æ‡§Ç‡§ö', 'id': 965418362951086080, 'id_str': '965418362951086080', 'indices': [25, 40]}, {'screen_name': 'DelhiComplaint', 'name': 'Delhi Complaint', 'id': 1275042856613195782, 'id_str': '1275042856613195782', 'indices': [41, 56]}, {'screen_name': 'ArvindKejriwal', 'name': 'Arvind Kejriwal', 'id': 405427035, 'id_str': '405427035', 'indices': [57, 72]}]"
1580522293310394368,1588621481730519045,SANNYKu60251662,,19,7,2022-11-04 19:57:31+00:00,8,0,"@DelhiComplaint @LtGovDelhi @AshwaniKumar_92 @GyaneshBharti1 @MCD_Delhi Dear Sir, 
We have received a notification regarding registering complaint and details of a person who will solve the problem but the concerned person has not come till date, I am sharing the screenshot of the notification and details.
Kindly do something imedietly https://t.co/gbi9XZ2pFd",[],"[{'screen_name': 'DelhiComplaint', 'name': 'Delhi Complaint', 'id': 1275042856613195782, 'id_str': '1275042856613195782', 'indices': [0, 15]}, {'screen_name': 'LtGovDelhi', 'name': 'LG Delhi', 'id': 815473030868545537, 'id_str': '815473030868545537', 'indices': [16, 27]}, {'screen_name': 'AshwaniKumar_92', 'name': 'Ashwani Kumar', 'id': 728434197812019200, 'id_str': '728434197812019200', 'indices': [28, 44]}, {'screen_name': 'GyaneshBharti1', 'name': 'Gyanesh Bharti', 'id': 4455654073, 'id_str': '4455654073', 'indices': [45, 60]}, {'screen_name': 'MCD_Delhi', 'name': 'Municipal Corporation of Delhi', 'id': 1008443214758461440, 'id_str': '1008443214758461440', 'indices': [61, 71]}]"
2927427031,1588144812439789569,TtajenderKumar,new delhi,30,13,2022-11-03 12:23:24+00:00,144,0,I made the following complaint on mcd311 app but till now no proper action has been taken against anyone and the problem remains the same. @MCD_Delhi @AshwaniKumar_92 @GyaneshBharti1 @LtGovDelhi  @SDMC_Official @rashtrapatibhvn @PMOIndia @ArvindKejriwal @DCPSEastDelhi @DPCc https://t.co/C5ZT20NGbg,[],"[{'screen_name': 'MCD_Delhi', 'name': 'Municipal Corporation of Delhi', 'id': 1008443214758461440, 'id_str': '1008443214758461440', 'indices': [139, 149]}, {'screen_name': 'AshwaniKumar_92', 'name': 'Ashwani Kumar', 'id': 728434197812019200, 'id_str': '728434197812019200', 'indices': [150, 166]}, {'screen_name': 'GyaneshBharti1', 'name': 'Gyanesh Bharti', 'id': 4455654073, 'id_str': '4455654073', 'indices': [167, 182]}, {'screen_name': 'LtGovDelhi', 'name': 'LG Delhi', 'id': 815473030868545537, 'id_str': '815473030868545537', 'indices': [183, 194]}, {'screen_name': 'SDMC_Official', 'name': 'SDMC_Official', 'id': 908637737703452673, 'id_str': '908637737703452673', 'indices': [196, 210]}, {'screen_name': 'rashtrapatibhvn', 'name': 'President of India', 'id': 885487044243238912, 'id_str': '885487044243238912', 'indices': [211, 227]}, {'screen_name': 'PMOIndia', 'name': 'PMO India', 'id': 471741741, 'id_str': '471741741', 'indices': [228, 237]}, {'screen_name': 'ArvindKejriwal', 'name': 'Arvind Kejriwal', 'id': 405427035, 'id_str': '405427035', 'indices': [238, 253]}, {'screen_name': 'DCPSEastDelhi', 'name': 'DCP South East Delhi', 'id': 4824317152, 'id_str': '4824317152', 'indices': [254, 268]}, {'screen_name': 'dpcc', 'name': 'daryl', 'id': 61336452, 'id_str': '61336452', 'indices': [269, 274]}]"
340643475,1588100960852668417,Gaganarora090,Delhi,56,1,2022-11-03 09:29:09+00:00,264,0,@MCD_Delhi @GyaneshBharti1 @AshwaniKumar_92 @LtGovDelhi ...attached complaint not getting resolved....why you are not able to provide solution?????? https://t.co/kIjinNsu46,[],"[{'screen_name': 'MCD_Delhi', 'name': 'Municipal Corporation of Delhi', 'id': 1008443214758461440, 'id_str': '1008443214758461440', 'indices': [0, 10]}, {'screen_name': 'GyaneshBharti1', 'name': 'Gyanesh Bharti', 'id': 4455654073, 'id_str': '4455654073', 'indices': [11, 26]}, {'screen_name': 'AshwaniKumar_92', 'name': 'Ashwani Kumar', 'id': 728434197812019200, 'id_str': '728434197812019200', 'indices': [27, 43]}, {'screen_name': 'LtGovDelhi', 'name': 'LG Delhi', 'id': 815473030868545537, 'id_str': '815473030868545537', 'indices': [44, 55]}]"
1244197374567665665,1587705767033180160,SunnyBh57897111,"New Delhi, India",125,27,2022-11-02 07:18:47+00:00,364,0,"@MCD_Delhi Garbage vehicle does not come to our location.
Please share your contact or complaint number",[],"[{'screen_name': 'MCD_Delhi', 'name': 'Municipal Corporation of Delhi', 'id': 1008443214758461440, 'id_str': '1008443214758461440', 'indices': [0, 10]}]"
340643475,1587669192093798400,Gaganarora090,Delhi,56,1,2022-11-02 04:53:27+00:00,264,0,@MCD_Delhi @LtGovDelhi ...will this complaint be resolved or not? https://t.co/rQZ0MO5Z3e,[],"[{'screen_name': 'MCD_Delhi', 'name': 'Municipal Corporation of Delhi', 'id': 1008443214758461440, 'id_str': '1008443214758461440', 'indices': [0, 10]}, {'screen_name': 'LtGovDelhi', 'name': 'LG Delhi', 'id': 815473030868545537, 'id_str': '815473030868545537', 'indices': [11, 22]}]"
2673005330,1587608466407161856,ujjwals050,delhi,8,0,2022-11-02 00:52:09+00:00,92,0,@MCD_Delhi @LtGovDelhi @AshwaniKumar_92 @GyaneshBharti1 @humasqureshi When will you resolve this ? Citizen shared a MCD-311 complaint with you. Support this complaint by VOTING Up on it. https://t.co/JkgTdUkdVl https://t.co/RwuBYchul3,[],"[{'screen_name': 'MCD_Delhi', 'name': 'Municipal Corporation of Delhi', 'id': 1008443214758461440, 'id_str': '1008443214758461440', 'indices': [0, 10]}, {'screen_name': 'LtGovDelhi', 'name': 'LG Delhi', 'id': 815473030868545537, 'id_str': '815473030868545537', 'indices': [11, 22]}, {'screen_name': 'AshwaniKumar_92', 'name': 'Ashwani Kumar', 'id': 728434197812019200, 'id_str': '728434197812019200', 'indices': [23, 39]}, {'screen_name': 'GyaneshBharti1', 'name': 'Gyanesh Bharti', 'id': 4455654073, 'id_str': '4455654073', 'indices': [40, 55]}, {'screen_name': 'humasqureshi', 'name': 'Huma Qureshi', 'id': 283916211, 'id_str': '283916211', 'indices': [56, 69]}]"
1383680115641511938,1587461896076427270,ganga_vihar,,20,19,2022-11-01 15:09:44+00:00,1108,0,"@Citizen82993241 @CabipoolDEL @LtGovDelhi @MCD_Delhi I am seeing this complaint from last multiple months..still not addressed‚Ä¶what government authorities are doing, really surprising",[],"[{'screen_name': 'Citizen82993241', 'name': 'Citizen of India', 'id': 1491503130152153088, 'id_str': '1491503130152153088', 'indices': [0, 16]}, {'screen_name': 'CabipoolDEL', 'name': 'Cabipool Delhi', 'id': 754205167193616384, 'id_str': '754205167193616384', 'indices': [17, 29]}, {'screen_name': 'LtGovDelhi', 'name': 'LG Delhi', 'id': 815473030868545537, 'id_str': '815473030868545537', 'indices': [30, 41]}, {'screen_name': 'MCD_Delhi', 'name': 'Municipal Corporation of Delhi', 'id': 1008443214758461440, 'id_str': '1008443214758461440', 'indices': [42, 52]}]"
1586286323274764288,1587453549147205632,KhanSah38402986,,14,0,2022-11-01 14:36:34+00:00,3,0,"I had made this complaint on Makd's portal 311 but without any inquiry, the complaint was disposed off. 
The complaint is that in D-57 J J  Colony, Khayala, a man has already built 5 buildings, above that he is building 2 more. There is so much Corruption in MCD @MCD_Delhi https://t.co/2C1YvCwi4M",[],"[{'screen_name': 'MCD_Delhi', 'name': 'Municipal Corporation of Delhi', 'id': 1008443214758461440, 'id_str': '1008443214758461440', 'indices': [263, 273]}]"
725347577957257218,1587374087223275520,rksharma183,"New Delhi, India",82,5,2022-11-01 09:20:49+00:00,78,0,@EESL_India @MCD_Delhi I don't have complaint no. Kindly take this tweet as a re-complain. And request you to take a necessary action regarding the same.,[],"[{'screen_name': 'EESL_India', 'name': 'EESL India', 'id': 3401719092, 'id_str': '3401719092', 'indices': [0, 11]}, {'screen_name': 'MCD_Delhi', 'name': 'Municipal Corporation of Delhi', 'id': 1008443214758461440, 'id_str': '1008443214758461440', 'indices': [12, 22]}]"
899914775672438787,1587370049035063296,sksainivkp,,26,15,2022-11-01 09:04:46+00:00,97,1,@MCD_Delhi Street lights in Gulmohar apart vikas puri not working from 1 week. JE Mr. Atul jha never picked up the phone not taking action on complaint,[],"[{'screen_name': 'MCD_Delhi', 'name': 'Municipal Corporation of Delhi', 'id': 1008443214758461440, 'id_str': '1008443214758461440', 'indices': [0, 10]}]"
2673005330,1587153938134224896,ujjwals050,delhi,8,0,2022-10-31 18:46:01+00:00,92,0,@MCD_Delhi @LtGovDelhi @AshwaniKumar_92 @GyaneshBharti1 Kab theek hoga yeh ??? Citizen shared a MCD-311 complaint with you. Support this complaint by VOTING Up on it. https://t.co/sxA0w6FfE5 https://t.co/Dyni8LrGJA,[],"[{'screen_name': 'MCD_Delhi', 'name': 'Municipal Corporation of Delhi', 'id': 1008443214758461440, 'id_str': '1008443214758461440', 'indices': [0, 10]}, {'screen_name': 'LtGovDelhi', 'name': 'LG Delhi', 'id': 815473030868545537, 'id_str': '815473030868545537', 'indices': [11, 22]}, {'screen_name': 'AshwaniKumar_92', 'name': 'Ashwani Kumar', 'id': 728434197812019200, 'id_str': '728434197812019200', 'indices': [23, 39]}, {'screen_name': 'GyaneshBharti1', 'name': 'Gyanesh Bharti', 'id': 4455654073, 'id_str': '4455654073', 'indices': [40, 55]}]"
2673005330,1587153757753991168,ujjwals050,delhi,8,0,2022-10-31 18:45:18+00:00,92,0,@MCD_Delhi @LtGovDelhi @AshwaniKumar_92 @GyaneshBharti1 When will this get resolved ?? Citizen shared a MCD-311 complaint with you. Support this complaint by VOTING Up on it. https://t.co/SYEZt2PJgQ https://t.co/ML23lIf70l,[],"[{'screen_name': 'MCD_Delhi', 'name': 'Municipal Corporation of Delhi', 'id': 1008443214758461440, 'id_str': '1008443214758461440', 'indices': [0, 10]}, {'screen_name': 'LtGovDelhi', 'name': 'LG Delhi', 'id': 815473030868545537, 'id_str': '815473030868545537', 'indices': [11, 22]}, {'screen_name': 'AshwaniKumar_92', 'name': 'Ashwani Kumar', 'id': 728434197812019200, 'id_str': '728434197812019200', 'indices': [23, 39]}, {'screen_name': 'GyaneshBharti1', 'name': 'Gyanesh Bharti', 'id': 4455654073, 'id_str': '4455654073', 'indices': [40, 55]}]"
2673005330,1587153641496281089,ujjwals050,delhi,8,0,2022-10-31 18:44:50+00:00,92,0,@MCD_Delhi @LtGovDelhi @AshwaniKumar_92 @GyaneshBharti1 When will this get resolved??? Citizen shared a MCD-311 complaint with you. Support this complaint by VOTING Up on it. https://t.co/JkgTdUkdVl https://t.co/Mr8yMCPrIl,[],"[{'screen_name': 'MCD_Delhi', 'name': 'Municipal Corporation of Delhi', 'id': 1008443214758461440, 'id_str': '1008443214758461440', 'indices': [0, 10]}, {'screen_name': 'LtGovDelhi', 'name': 'LG Delhi', 'id': 815473030868545537, 'id_str': '815473030868545537', 'indices': [11, 22]}, {'screen_name': 'AshwaniKumar_92', 'name': 'Ashwani Kumar', 'id': 728434197812019200, 'id_str': '728434197812019200', 'indices': [23, 39]}, {'screen_name': 'GyaneshBharti1', 'name': 'Gyanesh Bharti', 'id': 4455654073, 'id_str': '4455654073', 'indices': [40, 55]}]"
2673005330,1587153539851509761,ujjwals050,delhi,8,0,2022-10-31 18:44:26+00:00,92,0,@MCD_Delhi @LtGovDelhi @AshwaniKumar_92 @GyaneshBharti1 When will this get resolved???? Citizen shared a MCD-311 complaint with you. Support this complaint by VOTING Up on it. https://t.co/zlG0LaiqfG https://t.co/QVRu9kw3Ky,[],"[{'screen_name': 'MCD_Delhi', 'name': 'Municipal Corporation of Delhi', 'id': 1008443214758461440, 'id_str': '1008443214758461440', 'indices': [0, 10]}, {'screen_name': 'LtGovDelhi', 'name': 'LG Delhi', 'id': 815473030868545537, 'id_str': '815473030868545537', 'indices': [11, 22]}, {'screen_name': 'AshwaniKumar_92', 'name': 'Ashwani Kumar', 'id': 728434197812019200, 'id_str': '728434197812019200', 'indices': [23, 39]}, {'screen_name': 'GyaneshBharti1', 'name': 'Gyanesh Bharti', 'id': 4455654073, 'id_str': '4455654073', 'indices': [40, 55]}]"
1227584060169412615,1590029864869896192,Prakashkumar_07,"New Delhi, India",57,24,2022-11-08 17:13:55+00:00,640,0,"@DelhiComplaint @MCD_Delhi @GyaneshBharti1 Portals me status check kr rha hu to 
Complaint no. Do not found show hota hai
Jbki mujhe complaint no. Mujhe sms or mail aaya tha complaint krne ke baad",[],"[{'screen_name': 'DelhiComplaint', 'name': 'Delhi Complaint', 'id': 1275042856613195782, 'id_str': '1275042856613195782', 'indices': [0, 15]}, {'screen_name': 'MCD_Delhi', 'name': 'Municipal Corporation of Delhi', 'id': 1008443214758461440, 'id_str': '1008443214758461440', 'indices': [16, 26]}, {'screen_name': 'GyaneshBharti1', 'name': 'Gyanesh Bharti', 'id': 4455654073, 'id_str': '4455654073', 'indices': [27, 42]}]"
1383680115641511938,1590008526344458240,ganga_vihar,,20,19,2022-11-08 15:49:08+00:00,1108,0,"@DelhiComplaint @MCD_Delhi No acknowledgement and action on complaint till date after complaining from last 4-5 months. is there any weekly/monthly scheme for encroachment of government footpath also in captial city of india????

@GyaneshBharti1 @AshwaniKumar_92 @SBM_MCD @EastDelhiMCD @dcshahsouth",[],"[{'screen_name': 'DelhiComplaint', 'name': 'Delhi Complaint', 'id': 1275042856613195782, 'id_str': '1275042856613195782', 'indices': [0, 15]}, {'screen_name': 'MCD_Delhi', 'name': 'Municipal Corporation of Delhi', 'id': 1008443214758461440, 'id_str': '1008443214758461440', 'indices': [16, 26]}, {'screen_name': 'GyaneshBharti1', 'name': 'Gyanesh Bharti', 'id': 4455654073, 'id_str': '4455654073', 'indices': [230, 245]}, {'screen_name': 'AshwaniKumar_92', 'name': 'Ashwani Kumar', 'id': 728434197812019200, 'id_str': '728434197812019200', 'indices': [246, 262]}, {'screen_name': 'SBM_MCD', 'name': 'Swachh Survekshan MCD', 'id': 957621630238326784, 'id_str': '957621630238326784', 'indices': [263, 271]}, {'screen_name': 'EastDelhiMCD', 'name': 'East Delhi MCD', 'id': 734827505530458112, 'id_str': '734827505530458112', 'indices': [272, 285]}, {'screen_name': 'dcshahsouth', 'name': 'Deputy Commissioner, Shahdara South Zone', 'id': 1366341026282049538, 'id_str': '1366341026282049538', 'indices': [286, 298]}]"
311952882,1589865652504129536,SayemKhan145,,96,6,2022-11-08 06:21:24+00:00,8,0,Need a urgent ventilater bed in delhi.Patient is extremely critical.Patient is not able to get bed from last 2 days.A kind request from son please help my motherüôè  .@AamAadmiParty @SatyendarJain @ArvindKejriwal @cmouttarpradesh @SonuSood @MoHFW_INDIA @gaurav5pandey @msisodia https://t.co/sQJ1R2gRE2,[],"[{'screen_name': 'AamAadmiParty', 'name': 'AAP', 'id': 711694309, 'id_str': '711694309', 'indices': [165, 179]}, {'screen_name': 'SatyendarJain', 'name': 'Satyendar Jain', 'id': 362506755, 'id_str': '362506755', 'indices': [180, 194]}, {'screen_name': 'ArvindKejriwal', 'name': 'Arvind Kejriwal', 'id': 405427035, 'id_str': '405427035', 'indices': [195, 210]}, {'screen_name': 'cmouttarpradesh', 'name': 'CM Office UP', 'id': 842671868964302849, 'id_str': '842671868964302849', 'indices': [211, 227]}, {'screen_name': 'SonuSood', 'name': 'sonu sood', 'id': 295026890, 'id_str': '295026890', 'indices': [228, 237]}, {'screen_name': 'MoHFW_INDIA', 'name': 'Ministry of Health', 'id': 2596143056, 'id_str': '2596143056', 'indices': [238, 250]}, {'screen_name': 'gaurav5pandey', 'name': 'Gaurav Pandey', 'id': 237840371, 'id_str': '237840371', 'indices': [251, 265]}, {'screen_name': 'msisodia', 'name': 'Manish Sisodia', 'id': 30417501, 'id_str': '30417501', 'indices': [266, 275]}]"
1269696259570499584,1589505609296134144,Jasvindr_Rawat,"New Delhi, India",32,5,2022-11-07 06:30:43+00:00,60,0,"@MCD_Delhi @CMODelhi @dcwestzone @CPCB_OFFICIAL @DC_NGZMCD @LtGovDelhi @AAPDelhi @ArvindKejriwal @MlaMahinder @ApniWestdelhi @DPCC_pollution @SatyendarJain @MoHFW_INDIA Name- Jasvinder 
Number- 9953988684
Proper Add/Location- Gali No.-5, Sethi Enclave, Mohan Garden, Uttam nagar, New Delhi -110059, (Near sukar Bazar, SBI ATM, Hanuman Mandir Wali Gali,)

I already complaint through application on 4th November, https://t.co/DH2eczV63p",[],"[{'screen_name': 'MCD_Delhi', 'name': 'Municipal Corporation of Delhi', 'id': 1008443214758461440, 'id_str': '1008443214758461440', 'indices': [0, 10]}, {'screen_name': 'CMODelhi', 'name': 'CMO Delhi', 'id': 1242298980660178951, 'id_str': '1242298980660178951', 'indices': [11, 20]}, {'screen_name': 'dcwestzone', 'name': 'Dy. Commissioner West Zone MCD', 'id': 1547832181992857601, 'id_str': '1547832181992857601', 'indices': [21, 32]}, {'screen_name': 'CPCB_OFFICIAL', 'name': 'Central Pollution Control Board', 'id': 1056904937932709888, 'id_str': '1056904937932709888', 'indices': [33, 47]}, {'screen_name': 'DC_NGZMCD', 'name': 'Dy Commissioner, Najafgarh Zone, MCD', 'id': 1548914581678202880, 'id_str': '1548914581678202880', 'indices': [48, 58]}, {'screen_name': 'LtGovDelhi', 'name': 'LG Delhi', 'id': 815473030868545537, 'id_str': '815473030868545537', 'indices': [59, 70]}, {'screen_name': 'AAPDelhi', 'name': 'Aam Aadmi Party Delhi', 'id': 2299699574, 'id_str': '2299699574', 'indices': [71, 80]}, {'screen_name': 'ArvindKejriwal', 'name': 'Arvind Kejriwal', 'id': 405427035, 'id_str': '405427035', 'indices': [81, 96]}, {'screen_name': 'MlaMahinder', 'name': 'MLA Mahinder Yadav', 'id': 1305131749903683585, 'id_str': '1305131749903683585', 'indices': [97, 109]}, {'screen_name': 'ApniWestdelhi', 'name': 'APNI WEST DELHI', 'id': 1376041729887928325, 'id_str': '1376041729887928325', 'indices': [110, 124]}, {'screen_name': 'DPCC_pollution', 'name': 'Delhi Pollution Control Committee', 'id': 1062966155529347072, 'id_str': '1062966155529347072', 'indices': [125, 140]}, {'screen_name': 'SatyendarJain', 'name': 'Satyendar Jain', 'id': 362506755, 'id_str': '362506755', 'indices': [141, 155]}, {'screen_name': 'MoHFW_INDIA', 'name': 'Ministry of Health', 'id': 2596143056, 'id_str': '2596143056', 'indices': [156, 168]}]"
1383680115641511938,1589310922535100416,ganga_vihar,,20,19,2022-11-06 17:37:06+00:00,1108,0,@dcshahsouth @GyaneshBharti1 @MCD_Delhi @SBM_MCD These all programs are just to waste tax payers money. MCD doing nothing regarding waste management on ground and they are not attending any public complaint because in most of the cases MCD is taking money for hiding things.,[],"[{'screen_name': 'dcshahsouth', 'name': 'Deputy Commissioner, Shahdara South Zone', 'id': 1366341026282049538, 'id_str': '1366341026282049538', 'indices': [0, 12]}, {'screen_name': 'GyaneshBharti1', 'name': 'Gyanesh Bharti', 'id': 4455654073, 'id_str': '4455654073', 'indices': [13, 28]}, {'screen_name': 'MCD_Delhi', 'name': 'Municipal Corporation of Delhi', 'id': 1008443214758461440, 'id_str': '1008443214758461440', 'indices': [29, 39]}, {'screen_name': 'SBM_MCD', 'name': 'Swachh Survekshan MCD', 'id': 957621630238326784, 'id_str': '957621630238326784', 'indices': [40, 48]}]"
423974514,1588799304864772096,RITESHKUMARRANA,"Bakhtawar Pur, New Delhi",593,127,2022-11-05 07:44:07+00:00,1617,0,"@DmcNarela @MCD_Delhi @GyaneshBharti1 @AshwaniKumar_92 @LtGovDelhi @CPCB_OFFICIAL @DPCC_pollution @NorthDMCSwachh Respected all,my previous complaint attended by @MCD_Delhi on time and assure me for regular cleaning but I have watched last one week your pvt contractor clean this site once in 4-5 days and all garbage floating on road everytime.
@DmcNarela This is your #SwachhDelhi mission! https://t.co/whDTtqLZlw","[{'text': 'SwachhDelhi', 'indices': [370, 382]}]","[{'screen_name': 'DmcNarela', 'name': 'MCD (Narela Zone)', 'id': 1063399464004608000, 'id_str': '1063399464004608000', 'indices': [0, 10]}, {'screen_name': 'MCD_Delhi', 'name': 'Municipal Corporation of Delhi', 'id': 1008443214758461440, 'id_str': '1008443214758461440', 'indices': [11, 21]}, {'screen_name': 'GyaneshBharti1', 'name': 'Gyanesh Bharti', 'id': 4455654073, 'id_str': '4455654073', 'indices': [22, 37]}, {'screen_name': 'AshwaniKumar_92', 'name': 'Ashwani Kumar', 'id': 728434197812019200, 'id_str': '728434197812019200', 'indices': [38, 54]}, {'screen_name': 'LtGovDelhi', 'name': 'LG Delhi', 'id': 815473030868545537, 'id_str': '815473030868545537', 'indices': [55, 66]}, {'screen_name': 'CPCB_OFFICIAL', 'name': 'Central Pollution Control Board', 'id': 1056904937932709888, 'id_str': '1056904937932709888', 'indices': [67, 81]}, {'screen_name': 'DPCC_pollution', 'name': 'Delhi Pollution Control Committee', 'id': 1062966155529347072, 'id_str': '1062966155529347072', 'indices': [82, 97]}, {'screen_name': 'NorthDMCSwachh', 'name': 'NorthMCD-Swachh Survekshan', 'id': 1179021441871704064, 'id_str': '1179021441871704064', 'indices': [98, 113]}, {'screen_name': 'MCD_Delhi', 'name': 'Municipal Corporation of Delhi', 'id': 1008443214758461440, 'id_str': '1008443214758461440', 'indices': [162, 172]}, {'screen_name': 'DmcNarela', 'name': 'MCD (Narela Zone)', 'id': 1063399464004608000, 'id_str': '1063399464004608000', 'indices': [346, 356]}]"
782246365,1588763847351226368,TheDeepakDuggal,"New Delhi, India",539,136,2022-11-05 05:23:13+00:00,440,0,"@official_dda @MCD_Delhi @ManchNajafgarh @DelhiComplaint @ArvindKejriwal Finally today just Yet MCD has removed the broken bench after a complaint on 19th July 2022, Doesn't understand ki Thanks Bolu Ya Disappoint hou .... Anyway instead of DDA, MCD has removed the Bench. https://t.co/nzNWWmfsck https://t.co/yKYY4E0BCq",[],"[{'screen_name': 'official_dda', 'name': 'Delhi Development Authority', 'id': 974254088325160960, 'id_str': '974254088325160960', 'indices': [0, 13]}, {'screen_name': 'MCD_Delhi', 'name': 'Municipal Corporation of Delhi', 'id': 1008443214758461440, 'id_str': '1008443214758461440', 'indices': [14, 24]}, {'screen_name': 'ManchNajafgarh', 'name': '‡§µ‡§ø‡§ï‡§æ‡§∏ ‡§Æ‡§Ç‡§ö', 'id': 965418362951086080, 'id_str': '965418362951086080', 'indices': [25, 40]}, {'screen_name': 'DelhiComplaint', 'name': 'Delhi Complaint', 'id': 1275042856613195782, 'id_str': '1275042856613195782', 'indices': [41, 56]}, {'screen_name': 'ArvindKejriwal', 'name': 'Arvind Kejriwal', 'id': 405427035, 'id_str': '405427035', 'indices': [57, 72]}]"
1580522293310394368,1588621481730519045,SANNYKu60251662,,19,7,2022-11-04 19:57:31+00:00,8,0,"@DelhiComplaint @LtGovDelhi @AshwaniKumar_92 @GyaneshBharti1 @MCD_Delhi Dear Sir, 
We have received a notification regarding registering complaint and details of a person who will solve the problem but the concerned person has not come till date, I am sharing the screenshot of the notification and details.
Kindly do something imedietly https://t.co/gbi9XZ2pFd",[],"[{'screen_name': 'DelhiComplaint', 'name': 'Delhi Complaint', 'id': 1275042856613195782, 'id_str': '1275042856613195782', 'indices': [0, 15]}, {'screen_name': 'LtGovDelhi', 'name': 'LG Delhi', 'id': 815473030868545537, 'id_str': '815473030868545537', 'indices': [16, 27]}, {'screen_name': 'AshwaniKumar_92', 'name': 'Ashwani Kumar', 'id': 728434197812019200, 'id_str': '728434197812019200', 'indices': [28, 44]}, {'screen_name': 'GyaneshBharti1', 'name': 'Gyanesh Bharti', 'id': 4455654073, 'id_str': '4455654073', 'indices': [45, 60]}, {'screen_name': 'MCD_Delhi', 'name': 'Municipal Corporation of Delhi', 'id': 1008443214758461440, 'id_str': '1008443214758461440', 'indices': [61, 71]}]"
2927427031,1588144812439789569,TtajenderKumar,new delhi,30,13,2022-11-03 12:23:24+00:00,144,0,I made the following complaint on mcd311 app but till now no proper action has been taken against anyone and the problem remains the same. @MCD_Delhi @AshwaniKumar_92 @GyaneshBharti1 @LtGovDelhi  @SDMC_Official @rashtrapatibhvn @PMOIndia @ArvindKejriwal @DCPSEastDelhi @DPCc https://t.co/C5ZT20NGbg,[],"[{'screen_name': 'MCD_Delhi', 'name': 'Municipal Corporation of Delhi', 'id': 1008443214758461440, 'id_str': '1008443214758461440', 'indices': [139, 149]}, {'screen_name': 'AshwaniKumar_92', 'name': 'Ashwani Kumar', 'id': 728434197812019200, 'id_str': '728434197812019200', 'indices': [150, 166]}, {'screen_name': 'GyaneshBharti1', 'name': 'Gyanesh Bharti', 'id': 4455654073, 'id_str': '4455654073', 'indices': [167, 182]}, {'screen_name': 'LtGovDelhi', 'name': 'LG Delhi', 'id': 815473030868545537, 'id_str': '815473030868545537', 'indices': [183, 194]}, {'screen_name': 'SDMC_Official', 'name': 'SDMC_Official', 'id': 908637737703452673, 'id_str': '908637737703452673', 'indices': [196, 210]}, {'screen_name': 'rashtrapatibhvn', 'name': 'President of India', 'id': 885487044243238912, 'id_str': '885487044243238912', 'indices': [211, 227]}, {'screen_name': 'PMOIndia', 'name': 'PMO India', 'id': 471741741, 'id_str': '471741741', 'indices': [228, 237]}, {'screen_name': 'ArvindKejriwal', 'name': 'Arvind Kejriwal', 'id': 405427035, 'id_str': '405427035', 'indices': [238, 253]}, {'screen_name': 'DCPSEastDelhi', 'name': 'DCP South East Delhi', 'id': 4824317152, 'id_str': '4824317152', 'indices': [254, 268]}, {'screen_name': 'dpcc', 'name': 'daryl', 'id': 61336452, 'id_str': '61336452', 'indices': [269, 274]}]"
340643475,1588100960852668417,Gaganarora090,Delhi,56,1,2022-11-03 09:29:09+00:00,264,0,@MCD_Delhi @GyaneshBharti1 @AshwaniKumar_92 @LtGovDelhi ...attached complaint not getting resolved....why you are not able to provide solution?????? https://t.co/kIjinNsu46,[],"[{'screen_name': 'MCD_Delhi', 'name': 'Municipal Corporation of Delhi', 'id': 1008443214758461440, 'id_str': '1008443214758461440', 'indices': [0, 10]}, {'screen_name': 'GyaneshBharti1', 'name': 'Gyanesh Bharti', 'id': 4455654073, 'id_str': '4455654073', 'indices': [11, 26]}, {'screen_name': 'AshwaniKumar_92', 'name': 'Ashwani Kumar', 'id': 728434197812019200, 'id_str': '728434197812019200', 'indices': [27, 43]}, {'screen_name': 'LtGovDelhi', 'name': 'LG Delhi', 'id': 815473030868545537, 'id_str': '815473030868545537', 'indices': [44, 55]}]"
1244197374567665665,1587705767033180160,SunnyBh57897111,"New Delhi, India",125,27,2022-11-02 07:18:47+00:00,364,0,"@MCD_Delhi Garbage vehicle does not come to our location.
Please share your contact or complaint number",[],"[{'screen_name': 'MCD_Delhi', 'name': 'Municipal Corporation of Delhi', 'id': 1008443214758461440, 'id_str': '1008443214758461440', 'indices': [0, 10]}]"
340643475,1587669192093798400,Gaganarora090,Delhi,56,1,2022-11-02 04:53:27+00:00,264,0,@MCD_Delhi @LtGovDelhi ...will this complaint be resolved or not? https://t.co/rQZ0MO5Z3e,[],"[{'screen_name': 'MCD_Delhi', 'name': 'Municipal Corporation of Delhi', 'id': 1008443214758461440, 'id_str': '1008443214758461440', 'indices': [0, 10]}, {'screen_name': 'LtGovDelhi', 'name': 'LG Delhi', 'id': 815473030868545537, 'id_str': '815473030868545537', 'indices': [11, 22]}]"
2673005330,1587608466407161856,ujjwals050,delhi,8,0,2022-11-02 00:52:09+00:00,92,0,@MCD_Delhi @LtGovDelhi @AshwaniKumar_92 @GyaneshBharti1 @humasqureshi When will you resolve this ? Citizen shared a MCD-311 complaint with you. Support this complaint by VOTING Up on it. https://t.co/JkgTdUkdVl https://t.co/RwuBYchul3,[],"[{'screen_name': 'MCD_Delhi', 'name': 'Municipal Corporation of Delhi', 'id': 1008443214758461440, 'id_str': '1008443214758461440', 'indices': [0, 10]}, {'screen_name': 'LtGovDelhi', 'name': 'LG Delhi', 'id': 815473030868545537, 'id_str': '815473030868545537', 'indices': [11, 22]}, {'screen_name': 'AshwaniKumar_92', 'name': 'Ashwani Kumar', 'id': 728434197812019200, 'id_str': '728434197812019200', 'indices': [23, 39]}, {'screen_name': 'GyaneshBharti1', 'name': 'Gyanesh Bharti', 'id': 4455654073, 'id_str': '4455654073', 'indices': [40, 55]}, {'screen_name': 'humasqureshi', 'name': 'Huma Qureshi', 'id': 283916211, 'id_str': '283916211', 'indices': [56, 69]}]"
1383680115641511938,1587461896076427270,ganga_vihar,,20,19,2022-11-01 15:09:44+00:00,1108,0,"@Citizen82993241 @CabipoolDEL @LtGovDelhi @MCD_Delhi I am seeing this complaint from last multiple months..still not addressed‚Ä¶what government authorities are doing, really surprising",[],"[{'screen_name': 'Citizen82993241', 'name': 'Citizen of India', 'id': 1491503130152153088, 'id_str': '1491503130152153088', 'indices': [0, 16]}, {'screen_name': 'CabipoolDEL', 'name': 'Cabipool Delhi', 'id': 754205167193616384, 'id_str': '754205167193616384', 'indices': [17, 29]}, {'screen_name': 'LtGovDelhi', 'name': 'LG Delhi', 'id': 815473030868545537, 'id_str': '815473030868545537', 'indices': [30, 41]}, {'screen_name': 'MCD_Delhi', 'name': 'Municipal Corporation of Delhi', 'id': 1008443214758461440, 'id_str': '1008443214758461440', 'indices': [42, 52]}]"
1586286323274764288,1587453549147205632,KhanSah38402986,,14,0,2022-11-01 14:36:34+00:00,3,0,"I had made this complaint on Makd's portal 311 but without any inquiry, the complaint was disposed off. 
The complaint is that in D-57 J J  Colony, Khayala, a man has already built 5 buildings, above that he is building 2 more. There is so much Corruption in MCD @MCD_Delhi https://t.co/2C1YvCwi4M",[],"[{'screen_name': 'MCD_Delhi', 'name': 'Municipal Corporation of Delhi', 'id': 1008443214758461440, 'id_str': '1008443214758461440', 'indices': [263, 273]}]"
725347577957257218,1587374087223275520,rksharma183,"New Delhi, India",82,5,2022-11-01 09:20:49+00:00,78,0,@EESL_India @MCD_Delhi I don't have complaint no. Kindly take this tweet as a re-complain. And request you to take a necessary action regarding the same.,[],"[{'screen_name': 'EESL_India', 'name': 'EESL India', 'id': 3401719092, 'id_str': '3401719092', 'indices': [0, 11]}, {'screen_name': 'MCD_Delhi', 'name': 'Municipal Corporation of Delhi', 'id': 1008443214758461440, 'id_str': '1008443214758461440', 'indices': [12, 22]}]"
899914775672438787,1587370049035063296,sksainivkp,,26,15,2022-11-01 09:04:46+00:00,97,1,@MCD_Delhi Street lights in Gulmohar apart vikas puri not working from 1 week. JE Mr. Atul jha never picked up the phone not taking action on complaint,[],"[{'screen_name': 'MCD_Delhi', 'name': 'Municipal Corporation of Delhi', 'id': 1008443214758461440, 'id_str': '1008443214758461440', 'indices': [0, 10]}]"
2673005330,1587153938134224896,ujjwals050,delhi,8,0,2022-10-31 18:46:01+00:00,92,0,@MCD_Delhi @LtGovDelhi @AshwaniKumar_92 @GyaneshBharti1 Kab theek hoga yeh ??? Citizen shared a MCD-311 complaint with you. Support this complaint by VOTING Up on it. https://t.co/sxA0w6FfE5 https://t.co/Dyni8LrGJA,[],"[{'screen_name': 'MCD_Delhi', 'name': 'Municipal Corporation of Delhi', 'id': 1008443214758461440, 'id_str': '1008443214758461440', 'indices': [0, 10]}, {'screen_name': 'LtGovDelhi', 'name': 'LG Delhi', 'id': 815473030868545537, 'id_str': '815473030868545537', 'indices': [11, 22]}, {'screen_name': 'AshwaniKumar_92', 'name': 'Ashwani Kumar', 'id': 728434197812019200, 'id_str': '728434197812019200', 'indices': [23, 39]}, {'screen_name': 'GyaneshBharti1', 'name': 'Gyanesh Bharti', 'id': 4455654073, 'id_str': '4455654073', 'indices': [40, 55]}]"
2673005330,1587153757753991168,ujjwals050,delhi,8,0,2022-10-31 18:45:18+00:00,92,0,@MCD_Delhi @LtGovDelhi @AshwaniKumar_92 @GyaneshBharti1 When will this get resolved ?? Citizen shared a MCD-311 complaint with you. Support this complaint by VOTING Up on it. https://t.co/SYEZt2PJgQ https://t.co/ML23lIf70l,[],"[{'screen_name': 'MCD_Delhi', 'name': 'Municipal Corporation of Delhi', 'id': 1008443214758461440, 'id_str': '1008443214758461440', 'indices': [0, 10]}, {'screen_name': 'LtGovDelhi', 'name': 'LG Delhi', 'id': 815473030868545537, 'id_str': '815473030868545537', 'indices': [11, 22]}, {'screen_name': 'AshwaniKumar_92', 'name': 'Ashwani Kumar', 'id': 728434197812019200, 'id_str': '728434197812019200', 'indices': [23, 39]}, {'screen_name': 'GyaneshBharti1', 'name': 'Gyanesh Bharti', 'id': 4455654073, 'id_str': '4455654073', 'indices': [40, 55]}]"
2673005330,1587153641496281089,ujjwals050,delhi,8,0,2022-10-31 18:44:50+00:00,92,0,@MCD_Delhi @LtGovDelhi @AshwaniKumar_92 @GyaneshBharti1 When will this get resolved??? Citizen shared a MCD-311 complaint with you. Support this complaint by VOTING Up on it. https://t.co/JkgTdUkdVl https://t.co/Mr8yMCPrIl,[],"[{'screen_name': 'MCD_Delhi', 'name': 'Municipal Corporation of Delhi', 'id': 1008443214758461440, 'id_str': '1008443214758461440', 'indices': [0, 10]}, {'screen_name': 'LtGovDelhi', 'name': 'LG Delhi', 'id': 815473030868545537, 'id_str': '815473030868545537', 'indices': [11, 22]}, {'screen_name': 'AshwaniKumar_92', 'name': 'Ashwani Kumar', 'id': 728434197812019200, 'id_str': '728434197812019200', 'indices': [23, 39]}, {'screen_name': 'GyaneshBharti1', 'name': 'Gyanesh Bharti', 'id': 4455654073, 'id_str': '4455654073', 'indices': [40, 55]}]"
2673005330,1587153539851509761,ujjwals050,delhi,8,0,2022-10-31 18:44:26+00:00,92,0,@MCD_Delhi @LtGovDelhi @AshwaniKumar_92 @GyaneshBharti1 When will this get resolved???? Citizen shared a MCD-311 complaint with you. Support this complaint by VOTING Up on it. https://t.co/zlG0LaiqfG https://t.co/QVRu9kw3Ky,[],"[{'screen_name': 'MCD_Delhi', 'name': 'Municipal Corporation of Delhi', 'id': 1008443214758461440, 'id_str': '1008443214758461440', 'indices': [0, 10]}, {'screen_name': 'LtGovDelhi', 'name': 'LG Delhi', 'id': 815473030868545537, 'id_str': '815473030868545537', 'indices': [11, 22]}, {'screen_name': 'AshwaniKumar_92', 'name': 'Ashwani Kumar', 'id': 728434197812019200, 'id_str': '728434197812019200', 'indices': [23, 39]}, {'screen_name': 'GyaneshBharti1', 'name': 'Gyanesh Bharti', 'id': 4455654073, 'id_str': '4455654073', 'indices': [40, 55]}]"
